"ID_F_Bes","ID_A_Bes"
"1","1"
"1","2"
"1","3"
"1","4"
"1","5"
"1","6"
"1","7"
"1","8"
"1","9"
"2","10"
"2","11"
"2","12"
"2","13"
"2","14"
"2","15"
"2","16"
"2","17"
"2","18"
"2","19"
"2","20"
"2","21"
"2","22"
"2","23"
"3","24"
"3","25"
"3","26"
"3","27"
"3","28"
"3","29"
"3","30"
"3","31"
"3","32"
"4","33"
"4","34"
"4","35"
"4","36"
"4","37"
"4","38"
"4","39"
"4","40"
"5","41"
"5","42"
"5","43"
"5","44"
"5","45"
"5","46"
"5","47"
"5","48"
"6","49"
"6","50"
"6","51"
"6","52"
"6","53"
"7","54"
"7","55"
"7","56"
"7","57"
"7","58"
"7","59"
"7","60"
"7","61"
"7","62"
"7","63"
"7","64"
"7","65"
"8","66"
"8","67"
"8","68"
"8","69"
"8","70"
"8","71"
"8","206"
"8","207"
"9","72"
"9","73"
"9","74"
"9","75"
"9","76"
"9","77"
"9","78"
"9","79"
"9","80"
"9","81"
"9","82"
"9","83"
"10","84"
"10","85"
"10","86"
"10","87"
"10","88"
"11","89"
"11","90"
"11","91"
"11","92"
"11","93"
"11","94"
"12","95"
"12","96"
"12","97"
"12","98"
"12","99"
"12","100"
"12","101"
"12","102"
"12","103"
"13","104"
"13","105"
"13","106"
"13","107"
"13","108"
"13","109"
"13","110"
"13","111"
"13","112"
"13","113"
"13","208"
"14","114"
"14","115"
"14","116"
"14","117"
"14","118"
"14","119"
"14","120"
"14","121"
"14","122"
"14","123"
"14","124"
"15","125"
"15","126"
"15","127"
"15","128"
"15","129"
"15","130"
"15","131"
"16","132"
"16","133"
"16","134"
"16","135"
"16","136"
"16","137"
"16","138"
"16","139"
"16","140"
"17","141"
"17","142"
"17","143"
"17","144"
"17","145"
"17","146"
"17","147"
"17","148"
"18","149"
"18","150"
"18","151"
"18","152"
"19","153"
"19","154"
"19","155"
"19","156"
"19","157"
"19","158"
"19","159"
"19","160"
"19","161"
"19","162"
"19","163"
"19","164"
"19","165"
"19","166"
"20","167"
"20","168"
"20","169"
"20","170"
"20","171"
"20","172"
"20","173"
"20","174"
"20","175"
"20","176"
"20","177"
"20","178"
"21","179"
"21","180"
"21","181"
"21","182"
"21","183"
"21","184"
"22","185"
"22","186"
"22","187"
"22","188"
"22","189"
"22","190"
"22","191"
"22","192"
"22","193"
"22","194"
"22","195"
"22","196"
"22","197"
"22","198"
"22","199"
"22","200"
"23","201"
"23","202"
"23","203"
"23","204"
"23","205"
"23","206"